{

    "name": "Revealing Glow",
	"description": "You can see nearby players",


    "type": "origins:entity_glow",
    "bientity_condition": {
        "type": "origins:and",
        "conditions": [
	    {
    		"type": "origins:distance",
    		"comparison": "<=",
    		"compare_to": 32
	    },
        {
            "type": "origins:entity_type",
            "entity_type": "minecraft:player"}
        ]
    },
    "use_teams": false,
    "red": 1.0,
    "green": 0.0,
    "blue": 0.0,
    "hidden": false
}