{
  "CONFIG_VERSION": 1,
  "self_nameplate": false,
  "preview_nameplate": false,
  "nameplate_render": 0,
  "chat_nameplate": 2,
  "entity_nameplate": 2,
  "list_nameplate": 2,
  "log_location": 0,
  "format_script": 1,
  "log_number_length": 5,
  "iris_compatibility_fix": 2,
  "render_debug_parts_pivot": 1,
  "allow_fp_hands": false,
  "first_person_matrices": true,
  "action_wheel_button": "key.keyboard.b",
  "action_wheel_mode": 0,
  "action_wheel_scale": 1.0,
  "action_wheel_title": 0,
  "action_wheel_slots_indicator": 0,
  "action_wheel_decorations": true,
  "figura_inventory": true,
  "preview_head_rotation": false,
  "avatar_portraits": false,
  "wardrobe_file_names": false,
  "background_scroll_speed": 1.0,
  "popup_scale": 1.0,
  "popup_min_size": 1.0,
  "popup_max_size": 6.0,
  "toast_time": 5.0,
  "toast_title_time": 2.0,
  "text_scroll_speed": 1.0,
  "text_scroll_delay": 20,
  "has_paperdoll": false,
  "paperdoll_always_on": false,
  "first_person_paperdoll": true,
  "paperdoll_invisible": false,
  "paperdoll_scale": 1.0,
  "paperdoll_x": 0.0,
  "paperdoll_y": 0.0,
  "paperdoll_pitch": 0.0,
  "paperdoll_yaw": 20.0,
  "popup_button": "key.keyboard.r",
  "reload_button": "key.keyboard.unknown",
  "panic_button": "key.keyboard.unknown",
  "wardrobe_button": "key.keyboard.unknown",
  "button_location": 0,
  "update_channel": 1,
  "default_permission_level": 2,
  "chat_emojis": false,
  "easter_eggs": true,
  "connection_toasts": true,
  "log_others": false,
  "log_pings": 0,
  "sync_pings": false,
  "chat_messages": false,
  "main_dir": "",
  "server_ip": "figura.moonlight-devs.org:25565"
}